URL,Version,Status,OIDs,Name,Title,Description,Uses,Used,Sources
http://fhir.de/ValueSet/EncounterClassDE,1.5.4,active,,EncounterClassDE,EncounterClassDE,"Fallarten und Patientenstatus zur Codierung von Encounter.class","StructureDefinition/KBV-PR-WEST-Encounter","THO (V3)"
http://fhir.de/ValueSet/EncounterStatusDe,1.5.4,active,,EncounterStatusDe,Encounter Status ValueSet,"Einschränkung von Encounter Status in Vorbereitung auf Änderungen in FHIR R5","StructureDefinition/KBV-PR-WEST-Encounter","hl7.fhir.r4.core"
http://fhir.de/ValueSet/UcumVitalsCommonDE,1.5.4,active,,UCUM_Vitals_Common_DE,UCUM Vitals Common DE,"Alle innerhalb der VitalSign Profile (DE) erlaubten UCUM Einheiten für value[x]","StructureDefinition/KBV-PR-WEST-Observation-Body-Height,StructureDefinition/KBV-PR-WEST-Observation-Hip-Circumference,StructureDefinition/KBV-PR-WEST-Observation-Heart-Rate,StructureDefinition/KBV-PR-WEST-Observation-Respiratory-Rate,StructureDefinition/KBV-PR-WEST-Observation-Peripheral-Oxygen-Saturation,StructureDefinition/KBV-PR-WEST-Observation-Blood-Pressure,StructureDefinition/KBV-PR-WEST-Observation-Body-Weight,StructureDefinition/KBV-PR-WEST-Observation-Abdominal-Circumference,StructureDefinition/KBV-PR-WEST-Observation-Head-Circumference,StructureDefinition/KBV-PR-WEST-Observation-Body-Temperature","UCUM"
http://fhir.de/ValueSet/VitalSignDE-Atemfrequenz-SNOMED-CT,1.5.4,active,,VitalSignDE_Atemfrequenz_SNOMED_CT,VitalSignDE_Atemfrequenz_SNOMED_CT,"VitalSignDE_Atemfrequenz_SNOMED_CT enthält die erwarteten $sct Codes für Atemfrequenz","StructureDefinition/KBV-PR-WEST-Observation-Respiratory-Rate","SCT"
http://fhir.de/ValueSet/VitalSignDE-Herzfrequenz-SNOMED-CT,1.5.4,active,,VitalSignDE_Herzfrequenz_SNOMED_CT,VitalSignDE_Herzfrequenz_SNOMED_CT,"VitalSignDE_Herzfrequenz_SNOMED_CT enthält die erwarteten $sct Codes für Herzfrequenz","StructureDefinition/KBV-PR-WEST-Observation-Heart-Rate","SCT"
http://fhir.de/ValueSet/VitalSignDE-Koerpergewicht-SNOMED-CT,1.5.4,active,,VitalSignDE_Koerpergewicht_SNOMED_CT,VitalSignDE_Koerpergewicht_SNOMED_CT,"VitalSignDE_Koerpergewicht_SNOMED_CT enthält die erwarteten $sct Codes für Koerpergewicht","StructureDefinition/KBV-PR-WEST-Observation-Body-Weight","SCT"
http://fhir.de/ValueSet/VitalSignDE-Koerpergroesse-SNOMED-CT,1.5.4,active,,VitalSignDE_Koerpergroesse_SNOMED_CT,VitalSignDE_Koerpergroesse_SNOMED_CT,"VitalSignDE_Koerpergroesse_SNOMED_CT enthält die erwarteten $sct Codes für Koerpergroesse","StructureDefinition/KBV-PR-WEST-Observation-Body-Height","SCT"
http://fhir.de/ValueSet/VitalSignDE-Koerpertemperatur-SNOMED-CT,1.5.4,active,,VitalSignDE_Koerpertemperatur_SNOMED_CT,VitalSignDE_Koerpertemperatur_SNOMED_CT,"VitalSignDE_Koerpertemperatur_SNOMED_CT enthält die erwarteten $sct Codes für Koerpertemperatur","StructureDefinition/KBV-PR-WEST-Observation-Body-Temperature","SCT"
http://fhir.de/ValueSet/VitalSignDE-Kopfumfang-SNOMED-CT,1.5.4,active,,VitalSignDE_Kopfumfang_SNOMED_CT,VitalSignDE_Kopfumfang_SNOMED_CT,"VitalSignDE_Kopfumfang_SNOMED_CT enthält die erwarteten $sct Codes für Kopfumfang","StructureDefinition/KBV-PR-WEST-Observation-Head-Circumference","SCT"
http://fhir.de/ValueSet/VitalSignDE-Sauerstoffsaettigung-SNOMED-CT,1.5.4,active,,VitalSignDE_Sauerstoffsaettigung_SNOMED_CT,VitalSignDE_Sauerstoffsaettigung_SNOMED_CT,"VitalSignDE_SauerstoffCsaettigung_SNOMED_CT enthält die erwarteten $sct Codes für Sauerstoffsaettigung","StructureDefinition/KBV-PR-WEST-Observation-Peripheral-Oxygen-Saturation","SCT"
http://fhir.de/ValueSet/VitalSignDE_Body_Length_UCUM,1.5.4,active,,VitalSignDE_Body_Length_UCUM,VitalSignDE_Body_Length_UCUM,"VitalSignDE_Body_Length_UCUM enthält alle validen Einheiten zur Kodierung einer Körpergröße","StructureDefinition/KBV-PR-WEST-Observation-Body-Height,StructureDefinition/KBV-PR-WEST-Observation-Head-Circumference","UCUM"
http://fhir.de/ValueSet/VitalSignDE_Body_Weigth_UCUM,1.5.4,active,,VitalSignDE_Body_Weigth_UCUM,VitalSignDE_Body_Weigth_UCUM,"VitalSignDE_Body_Weigth_UCUM enthält alle validen Einheiten zur Kodierung eines Körpergewichtes","StructureDefinition/KBV-PR-WEST-Observation-Body-Weight","UCUM"
http://fhir.de/ValueSet/dkgev/Fachabteilungsschluessel,1.5.4,active,,FachabteilungsschluesselVS,Fachabteilungsschlüssel ValueSet,"Fachabteilungen gemäß Anhang 1 der BPflV in der am 31.12.2003 geltenden Fassung","StructureDefinition/KBV-PR-WEST-Encounter,StructureDefinition/KBV-PR-WEST-Betriebsstaette,StructureDefinition/KBV-PR-WEST-Organization","de.basisprofil.r4"
http://fhir.de/ValueSet/dkgev/Fachabteilungsschluessel-erweitert,1.5.4,active,,ValueSetFachabteilungsschluesselErweitert,FachabteilungsschluesselErweitert ValueSet,"Fachabteilungen gemäß Anhang 1 der BPflV in der am 31.12.2003 geltenden Fassung inkl. Spezialisierungen","StructureDefinition/KBV-PR-WEST-Encounter,StructureDefinition/KBV-PR-WEST-Betriebsstaette,StructureDefinition/KBV-PR-WEST-Organization","de.basisprofil.r4"
http://fhir.de/ValueSet/gender-other-de,1.5.4,active,,GenderOtherDEVS,GenderOtherDE ValueSet,"Codes zur Erfassung des amtlichen Geschlechts auf Basis der Spezifikationen ""XPersonenstand - Elektronische Datenübermittlung im Personenstandswesen"" und ""Kassenärztliche Vereinigung-Datentransfer"" der KB","ValueSet/KBV-VS-WEST-Patient-VSDM-Gender","de.basisprofil.r4"
http://fhir.de/ValueSet/identifier-type-de-basis,1.5.4,active,,IdentifierTypeDeBasisVS,Identifier Type DeBasis ValueSet,"ValueSet zur Codierung des Identifier-Typs","StructureDefinition/KBV-PR-WEST-Patient,StructureDefinition/KBV-PR-WEST-Practitioner,StructureDefinition/KBV-PR-WEST-Betriebsstaette,StructureDefinition/KBV-PR-WEST-Organization","THO (V2),de.basisprofil.r4"
http://fhir.de/ValueSet/iso/bundeslaender,1.5.4,active,,ValueSetISO31662DE,ISO-3166-2:de-Laendercodes,"Enthaelt die ISO-3166-2:DE Codes für die deutschen Bundeslaender.","StructureDefinition/KBV-PR-WEST-Patient,StructureDefinition/KBV-PR-WEST-Practitioner,StructureDefinition/KBV-PR-WEST-Betriebsstaette,StructureDefinition/KBV-PR-WEST-Organization","de.basisprofil.r4"
http://fhir.de/ValueSet/lebensphase-de,1.5.4,active,,ValueSetLebensphaseDe,LebensphaseDe ValueSet,"Dieses Valueset enthält Snomedcodes zur Angabe der Lebensphase","StructureDefinition/KBV-PR-WEST-Condition","SCT"
http://hl7.org/fhir/ValueSet/additional-instruction-codes,4.0.1,draft,"2.16.840.1.113883.4.642.3.95",SNOMEDCTAdditionalDosageInstructions,SNOMED CT Additional Dosage Instructions,"This value set includes all SNOMED CT Additional Dosage Instructions.","StructureDefinition/KBV-PR-WEST-MedicationStatement","SCT"
http://hl7.org/fhir/ValueSet/address-type,4.0.1,active,"2.16.840.1.113883.4.642.3.69",AddressType,AddressType,"The type of an address (physical / postal).","StructureDefinition/KBV-PR-WEST-Patient,StructureDefinition/KBV-PR-WEST-Practitioner,StructureDefinition/KBV-PR-WEST-Betriebsstaette,StructureDefinition/KBV-PR-WEST-Organization","hl7.fhir.r4.core"
http://hl7.org/fhir/ValueSet/address-use,4.0.1,active,"2.16.840.1.113883.4.642.3.67",AddressUse,AddressUse,"The use of an address.","StructureDefinition/KBV-PR-WEST-Patient,StructureDefinition/KBV-PR-WEST-Practitioner,StructureDefinition/KBV-PR-WEST-Betriebsstaette,StructureDefinition/KBV-PR-WEST-Organization","hl7.fhir.r4.core"
http://hl7.org/fhir/ValueSet/administration-method-codes,4.0.1,draft,"2.16.840.1.113883.4.642.3.97",SNOMEDCTAdministrationMethodCodes,SNOMED CT Administration Method Codes,"This value set includes some method codes from SNOMED CT - provided as an exemplar","StructureDefinition/KBV-PR-WEST-MedicationStatement","SCT"
http://hl7.org/fhir/ValueSet/administrative-gender,4.0.1,active,"2.16.840.1.113883.4.642.3.1",AdministrativeGender,AdministrativeGender,"The gender of a person used for administrative purposes.","ValueSet/KBV-VS-WEST-Patient-VSDM-Gender,StructureDefinition/KBV-PR-WEST-Patient,StructureDefinition/KBV-PR-WEST-Practitioner","hl7.fhir.r4.core"
http://hl7.org/fhir/ValueSet/approach-site-codes,4.0.1,draft,"2.16.840.1.113883.4.642.3.346",SNOMEDCTAnatomicalStructureForAdministrationSiteCodes,SNOMED CT Anatomical Structure for Administration Site Codes,"This value set includes Anatomical Structure codes from SNOMED CT - provided as an exemplar.","StructureDefinition/KBV-PR-WEST-MedicationStatement","SCT"
http://hl7.org/fhir/ValueSet/body-site,4.0.1,draft,"2.16.840.1.113883.4.642.3.141",SNOMEDCTBodyStructures,SNOMED CT Body Structures,"This value set includes all codes from [SNOMED CT](http://snomed.info/sct) where concept is-a 442083009 (Anatomical or acquired body site (body structure)).","StructureDefinition/KBV-PR-WEST-Observation-Body-Height,StructureDefinition/KBV-PR-WEST-Observation-Heart-Rate,StructureDefinition/KBV-PR-WEST-Observation-Hip-Circumference,StructureDefinition/KBV-PR-WEST-Observation-Glucose-Concentration,StructureDefinition/KBV-PR-WEST-Observation-Respiratory-Rate,StructureDefinition/KBV-PR-WEST-Observation-Peripheral-Oxygen-Saturation,StructureDefinition/KBV-PR-WEST-Observation-Blood-Pressure,StructureDefinition/KBV-PR-WEST-Observation-Abdominal-Circumference,StructureDefinition/KBV-PR-WEST-ServiceRequest,StructureDefinition/KBV-PR-WEST-Observation-Body-Temperature,StructureDefinition/KBV-PR-WEST-Observation-Anamnese,StructureDefinition/KBV-PR-WEST-Observation-Body-Weight,StructureDefinition/KBV-PR-WEST-Condition,StructureDefinition/KBV-PR-WEST-Observation-Head-Circumference","SCT"
http://hl7.org/fhir/ValueSet/c80-practice-codes,4.0.1,active,"2.16.840.1.113883.3.88.12.80.72",PracticeSettingCodeValueSet,Practice Setting Code Value Set,"This is the code representing the clinical specialty of the clinician or provider who interacted with, treated, or provided a service to/for the patient. The value set used for clinical specialty has been limited by HITSP to the value set reproduced from HITSP C80 Table 2-149 Clinical Specialty Value Set Definition.","StructureDefinition/KBV-PR-WEST-PractitionerRole","SCT"
http://hl7.org/fhir/ValueSet/clinical-findings,4.0.1,draft,"2.16.840.1.113883.4.642.3.232",SNOMEDCTClinicalFindings,SNOMED CT Clinical Findings,"This value set includes all the ""Clinical finding"" [SNOMED CT](http://snomed.info/sct) codes - concepts where concept is-a 404684003 (Clinical finding (finding)).","StructureDefinition/KBV-PR-WEST-ServiceRequest","SCT"
http://hl7.org/fhir/ValueSet/common-tags,4.0.1,draft,"2.16.840.1.113883.4.642.3.79",CommonTags,Common Tags,"Common Tag Codes defined by FHIR project","StructureDefinition/KBV-PR-WEST-Observation-Body-Height,StructureDefinition/KBV-PR-WEST-Observation-Heart-Rate,StructureDefinition/KBV-PR-WEST-Observation-Hip-Circumference,StructureDefinition/KBV-PR-WEST-Observation-Glucose-Concentration,StructureDefinition/KBV-PR-WEST-Observation-Respiratory-Rate,StructureDefinition/KBV-PR-WEST-Observation-Peripheral-Oxygen-Saturation,StructureDefinition/KBV-PR-WEST-Observation-Blood-Pressure,StructureDefinition/KBV-PR-WEST-Practitioner,StructureDefinition/KBV-PR-WEST-Observation-Abdominal-Circumference,StructureDefinition/KBV-PR-WEST-PractitionerRole,StructureDefinition/KBV-PR-WEST-ServiceRequest,StructureDefinition/KBV-PR-WEST-Organization,StructureDefinition/KBV-PR-WEST-Observation-Body-Temperature,StructureDefinition/KBV-PR-WEST-Encounter,StructureDefinition/KBV-PR-WEST-Observation-Anamnese,StructureDefinition/KBV-PR-WEST-Observation-Body-Weight,StructureDefinition/KBV-PR-WEST-MedicationStatement,StructureDefinition/KBV-PR-WEST-Patient,StructureDefinition/KBV-PR-WEST-MedicationKnowledge,StructureDefinition/KBV-PR-WEST-Condition,StructureDefinition/KBV-PR-WEST-Medication,StructureDefinition/KBV-PR-WEST-Betriebsstaette,StructureDefinition/KBV-PR-WEST-Observation-Head-Circumference","THO"
http://hl7.org/fhir/ValueSet/condition-category,4.0.1,draft,"2.16.840.1.113883.4.642.3.162",ConditionCategoryCodes,Condition Category Codes,"Preferred value set for Condition Categories.","StructureDefinition/KBV-PR-WEST-Condition","THO"
http://hl7.org/fhir/ValueSet/condition-clinical,4.0.1,draft,"2.16.840.1.113883.4.642.3.164",ConditionClinicalStatusCodes,Condition Clinical Status Codes,"Preferred value set for Condition Clinical Status.","StructureDefinition/KBV-PR-WEST-Condition","THO"
http://hl7.org/fhir/ValueSet/condition-code,4.0.1,draft,"2.16.840.1.113883.4.642.3.161",Condition/Problem/DiagnosisCodes,Condition/Problem/Diagnosis Codes,"Example value set for Condition/Problem/Diagnosis codes.","StructureDefinition/KBV-PR-WEST-MedicationStatement,StructureDefinition/KBV-PR-WEST-Condition","SCT"
http://hl7.org/fhir/ValueSet/condition-severity,4.0.1,draft,"2.16.840.1.113883.4.642.3.168",Condition/DiagnosisSeverity,Condition/Diagnosis Severity,"Preferred value set for Condition/Diagnosis severity grading.","StructureDefinition/KBV-PR-WEST-Condition","SCT"
http://hl7.org/fhir/ValueSet/condition-stage,4.0.1,draft,"2.16.840.1.113883.4.642.3.170",ConditionStage,Condition Stage,"Example value set for stages of cancer and other conditions.","StructureDefinition/KBV-PR-WEST-Condition","SCT"
http://hl7.org/fhir/ValueSet/condition-stage-type,4.0.1,draft,"2.16.840.1.113883.4.642.3.171",ConditionStageType,Condition Stage Type,"Example value set for the type of stages of cancer and other conditions","StructureDefinition/KBV-PR-WEST-Condition","SCT"
http://hl7.org/fhir/ValueSet/condition-ver-status,4.0.1,draft,"2.16.840.1.113883.4.642.3.166",ConditionVerificationStatus,ConditionVerificationStatus,"The verification status to support or decline the clinical status of the condition or diagnosis.","StructureDefinition/KBV-PR-WEST-Condition","THO"
http://hl7.org/fhir/ValueSet/contact-point-system,4.0.1,active,"2.16.840.1.113883.4.642.3.71",ContactPointSystem,ContactPointSystem,"Telecommunications form for contact point.","StructureDefinition/KBV-PR-WEST-Patient,StructureDefinition/KBV-PR-WEST-Practitioner,StructureDefinition/KBV-PR-WEST-Betriebsstaette,StructureDefinition/KBV-PR-WEST-Organization","hl7.fhir.r4.core"
http://hl7.org/fhir/ValueSet/contact-point-use,4.0.1,active,"2.16.840.1.113883.4.642.3.73",ContactPointUse,ContactPointUse,"Use of contact point.","StructureDefinition/KBV-PR-WEST-Patient,StructureDefinition/KBV-PR-WEST-Practitioner,StructureDefinition/KBV-PR-WEST-Betriebsstaette,StructureDefinition/KBV-PR-WEST-Organization","hl7.fhir.r4.core"
http://hl7.org/fhir/ValueSet/contactentity-type,4.0.1,draft,"2.16.840.1.113883.4.642.3.416",ContactEntityType,Contact entity type,"This example value set defines a set of codes that can be used to indicate the purpose for which you would contact a contact party.","StructureDefinition/KBV-PR-WEST-Betriebsstaette,StructureDefinition/KBV-PR-WEST-Organization","THO"
http://hl7.org/fhir/ValueSet/data-absent-reason,4.0.1,active,"2.16.840.1.113883.4.642.3.5",DataAbsentReason,DataAbsentReason,"Used to specify why the normally expected content of the data element is missing.","StructureDefinition/KBV-PR-WEST-Observation-Body-Height,StructureDefinition/KBV-PR-WEST-Observation-Heart-Rate,StructureDefinition/KBV-PR-WEST-Observation-Hip-Circumference,StructureDefinition/KBV-PR-WEST-Observation-Glucose-Concentration,StructureDefinition/KBV-PR-WEST-Observation-Respiratory-Rate,StructureDefinition/KBV-PR-WEST-Observation-Peripheral-Oxygen-Saturation,StructureDefinition/KBV-PR-WEST-Observation-Blood-Pressure,StructureDefinition/KBV-PR-WEST-Observation-Abdominal-Circumference,StructureDefinition/KBV-PR-WEST-Observation-Body-Temperature,StructureDefinition/KBV-PR-WEST-Observation-Anamnese,StructureDefinition/KBV-PR-WEST-Observation-Body-Weight,StructureDefinition/KBV-PR-WEST-Patient,StructureDefinition/KBV-PR-WEST-Observation-Head-Circumference","THO"
http://hl7.org/fhir/ValueSet/days-of-week,4.0.1,active,"2.16.840.1.113883.4.642.3.512",DaysOfWeek,DaysOfWeek,"The days of the week.","StructureDefinition/KBV-PR-WEST-MedicationStatement,StructureDefinition/KBV-PR-WEST-PractitionerRole","hl7.fhir.r4.core"
http://hl7.org/fhir/ValueSet/diagnosis-role,4.0.1,draft,"2.16.840.1.113883.4.642.3.49",DiagnosisRole,DiagnosisRole,"This value set defines a set of codes that can be used to express the role of a diagnosis on the Encounter or EpisodeOfCare record.","StructureDefinition/KBV-PR-WEST-Encounter","THO"
http://hl7.org/fhir/ValueSet/dose-rate-type,4.0.1,draft,"2.16.840.1.113883.4.642.3.981",DoseAndRateType,DoseAndRateType,"The kind of dose or rate specified.","StructureDefinition/KBV-PR-WEST-MedicationStatement","THO"
http://hl7.org/fhir/ValueSet/encounter-admit-source,4.0.1,draft,"2.16.840.1.113883.4.642.3.257",AdmitSource,Admit source,"This value set defines a set of codes that can be used to indicate from where the patient came in.","StructureDefinition/KBV-PR-WEST-Encounter","THO"
http://hl7.org/fhir/ValueSet/encounter-diet,4.0.1,draft,"2.16.840.1.113883.4.642.3.255",Diet,Diet,"This value set defines a set of codes that can be used to indicate dietary preferences or restrictions a patient may have.","StructureDefinition/KBV-PR-WEST-Encounter","THO"
http://hl7.org/fhir/ValueSet/encounter-discharge-disposition,4.0.1,draft,"2.16.840.1.113883.4.642.3.259",DischargeDisposition,Discharge disposition,"This value set defines a set of codes that can be used to where the patient left the hospital.","StructureDefinition/KBV-PR-WEST-Encounter","THO"
http://hl7.org/fhir/ValueSet/encounter-location-status,4.0.1,draft,"2.16.840.1.113883.4.642.3.262",EncounterLocationStatus,EncounterLocationStatus,"The status of the location.","StructureDefinition/KBV-PR-WEST-Encounter","hl7.fhir.r4.core"
http://hl7.org/fhir/ValueSet/encounter-participant-type,4.0.1,draft,"2.16.840.1.113883.4.642.3.250",ParticipantType,Participant type,"This value set defines a set of codes that can be used to indicate how an individual participates in an encounter.","StructureDefinition/KBV-PR-WEST-Encounter","THO (V3),THO"
http://hl7.org/fhir/ValueSet/encounter-reason,4.0.1,draft,"2.16.840.1.113883.4.642.3.261",EncounterReasonCodes,Encounter Reason Codes,"This examples value set defines the set of codes that can be used to indicate reasons for an encounter.","StructureDefinition/KBV-PR-WEST-Encounter","SCT"
http://hl7.org/fhir/ValueSet/encounter-special-arrangements,4.0.1,draft,"2.16.840.1.113883.4.642.3.253",SpecialArrangements,Special arrangements,"This value set defines a set of codes that can be used to indicate the kinds of special arrangements in place for a patients visit.","StructureDefinition/KBV-PR-WEST-Encounter","THO"
http://hl7.org/fhir/ValueSet/encounter-special-courtesy,4.0.1,draft,"2.16.840.1.113883.4.642.3.252",SpecialCourtesy,Special courtesy,"This value set defines a set of codes that can be used to indicate special courtesies provided to the patient.","StructureDefinition/KBV-PR-WEST-Encounter","THO (V3)"
http://hl7.org/fhir/ValueSet/encounter-status,4.0.1,draft,"2.16.840.1.113883.4.642.3.246",EncounterStatus,EncounterStatus,"Current state of the encounter.","StructureDefinition/KBV-PR-WEST-Encounter","hl7.fhir.r4.core"
http://hl7.org/fhir/ValueSet/encounter-type,4.0.1,draft,"2.16.840.1.113883.4.642.3.248",EncounterType,Encounter type,"This example value set defines a set of codes that can be used to indicate the type of encounter: a specific code indicating type of service provided.","StructureDefinition/KBV-PR-WEST-Encounter","THO"
http://hl7.org/fhir/ValueSet/event-timing,4.0.1,active,"2.16.840.1.113883.4.642.3.75",EventTiming,EventTiming,"Real world event relating to the schedule.","StructureDefinition/KBV-PR-WEST-MedicationStatement","THO (V3),hl7.fhir.r4.core"
http://hl7.org/fhir/ValueSet/identifier-type,4.0.1,active,"2.16.840.1.113883.4.642.3.45",Identifier Type Codes,IdentifierType,"A coded type for an identifier that can be used to determine which identifier to use for a specific purpose.","StructureDefinition/KBV-PR-WEST-Encounter,StructureDefinition/KBV-PR-WEST-Patient,StructureDefinition/KBV-PR-WEST-Practitioner,StructureDefinition/KBV-PR-WEST-ServiceRequest,StructureDefinition/KBV-PR-WEST-Betriebsstaette,StructureDefinition/KBV-PR-WEST-Organization","THO (V2)"
http://hl7.org/fhir/ValueSet/identifier-use,4.0.1,active,"2.16.840.1.113883.4.642.3.57",IdentifierUse,IdentifierUse,"Identifies the purpose for this identifier, if known .","StructureDefinition/KBV-PR-WEST-Encounter,StructureDefinition/KBV-PR-WEST-Patient,StructureDefinition/KBV-PR-WEST-Practitioner,StructureDefinition/KBV-PR-WEST-ServiceRequest,StructureDefinition/KBV-PR-WEST-Betriebsstaette,StructureDefinition/KBV-PR-WEST-Organization","hl7.fhir.r4.core"
http://hl7.org/fhir/ValueSet/languages,4.0.1,draft,"2.16.840.1.113883.4.642.3.20",CommonLanguages,Common Languages,"This value set includes common codes from BCP-47 (http://tools.ietf.org/html/bcp47)","StructureDefinition/KBV-PR-WEST-Observation-Body-Height,StructureDefinition/KBV-PR-WEST-Observation-Heart-Rate,StructureDefinition/KBV-PR-WEST-Observation-Hip-Circumference,StructureDefinition/KBV-PR-WEST-Observation-Glucose-Concentration,StructureDefinition/KBV-PR-WEST-Observation-Respiratory-Rate,StructureDefinition/KBV-PR-WEST-Observation-Peripheral-Oxygen-Saturation,StructureDefinition/KBV-PR-WEST-Observation-Blood-Pressure,StructureDefinition/KBV-PR-WEST-Practitioner,StructureDefinition/KBV-PR-WEST-Observation-Abdominal-Circumference,StructureDefinition/KBV-PR-WEST-PractitionerRole,StructureDefinition/KBV-PR-WEST-ServiceRequest,StructureDefinition/KBV-PR-WEST-Organization,StructureDefinition/KBV-PR-WEST-Observation-Body-Temperature,StructureDefinition/KBV-PR-WEST-Encounter,StructureDefinition/KBV-PR-WEST-Observation-Anamnese,StructureDefinition/KBV-PR-WEST-Observation-Body-Weight,StructureDefinition/KBV-PR-WEST-MedicationStatement,StructureDefinition/KBV-PR-WEST-Patient,StructureDefinition/KBV-PR-WEST-MedicationKnowledge,StructureDefinition/KBV-PR-WEST-Condition,StructureDefinition/KBV-PR-WEST-Medication,StructureDefinition/KBV-PR-WEST-Betriebsstaette,StructureDefinition/KBV-PR-WEST-Observation-Head-Circumference","Other"
http://hl7.org/fhir/ValueSet/link-type,4.0.1,active,"2.16.840.1.113883.4.642.3.423",LinkType,LinkType,"The type of link between this patient resource and another patient resource.","StructureDefinition/KBV-PR-WEST-Patient","hl7.fhir.r4.core"
http://hl7.org/fhir/ValueSet/location-physical-type,4.0.1,draft,"2.16.840.1.113883.4.642.3.328",LocationType,Location type,"This example value set defines a set of codes that can be used to indicate the physical form of the Location.","StructureDefinition/KBV-PR-WEST-Encounter","THO"
http://hl7.org/fhir/ValueSet/manifestation-or-symptom,4.0.1,draft,"2.16.840.1.113883.4.642.3.169",ManifestationAndSymptomCodes,Manifestation and Symptom Codes,"Example value set for Manifestation and Symptom codes.","StructureDefinition/KBV-PR-WEST-Condition","SCT"
http://hl7.org/fhir/ValueSet/marital-status,4.0.1,active,"2.16.840.1.113883.4.642.3.29",Marital Status Codes,MaritalStatus,"This value set defines the set of codes that can be used to indicate the marital status of a person.","StructureDefinition/KBV-PR-WEST-Patient","THO (V3)"
http://hl7.org/fhir/ValueSet/medication-as-needed-reason,4.0.1,draft,"2.16.840.1.113883.4.642.3.96",SNOMEDCTMedicationAsNeededReasonCodes,SNOMED CT Medication As Needed Reason Codes,"This value set includes all clinical findings from SNOMED CT - provided as an exemplar value set.","StructureDefinition/KBV-PR-WEST-MedicationStatement,StructureDefinition/KBV-PR-WEST-ServiceRequest","SCT"
http://hl7.org/fhir/ValueSet/medication-codes,4.0.1,draft,"2.16.840.1.113883.4.642.3.375",SNOMEDCTMedicationCodes,SNOMED CT Medication Codes,"This value set includes all drug or medicament substance codes and all pharmaceutical/biologic products from SNOMED CT - provided as an exemplar value set.","StructureDefinition/KBV-PR-WEST-MedicationKnowledge,StructureDefinition/KBV-PR-WEST-Medication","SCT"
http://hl7.org/fhir/ValueSet/medication-form-codes,4.0.1,draft,"2.16.840.1.113883.4.642.3.374",SNOMEDCTFormCodes,SNOMED CT Form Codes,"This value set includes all dose form codes from SNOMED CT - provided as an exemplar.","StructureDefinition/KBV-PR-WEST-MedicationKnowledge,StructureDefinition/KBV-PR-WEST-Medication","SCT"
http://hl7.org/fhir/ValueSet/medication-statement-category,4.0.1,draft,"2.16.840.1.113883.4.642.3.370",Medication usage category codes,Medication usage category codes,"Medication Status Codes","StructureDefinition/KBV-PR-WEST-MedicationStatement","THO"
http://hl7.org/fhir/ValueSet/medication-statement-status,4.0.1,draft,"2.16.840.1.113883.4.642.3.367",Medication Status Codes,Medication  status  codes,"Medication Status Codes","StructureDefinition/KBV-PR-WEST-MedicationStatement","hl7.fhir.r4.core"
http://hl7.org/fhir/ValueSet/medication-status,4.0.1,draft,"2.16.840.1.113883.4.642.3.376",Medication Status Codes,Medication  status  codes,"Medication Status Codes","StructureDefinition/KBV-PR-WEST-Medication","hl7.fhir.r4.core"
http://hl7.org/fhir/ValueSet/medicationknowledge-characteristic,4.0.1,draft,"2.16.840.1.113883.4.642.3.1337",medicationKnowledge Characteristic Codes,Medication knowledge  characteristic  codes,"MedicationKnowledge Characteristic Codes","StructureDefinition/KBV-PR-WEST-MedicationKnowledge","THO"
http://hl7.org/fhir/ValueSet/medicationknowledge-package-type,4.0.1,draft,"2.16.840.1.113883.4.642.3.1339",medicationKnowledge Package Type Codes,Medication knowledge  package  type  codes,"MedicationKnowledge Package Type Codes","StructureDefinition/KBV-PR-WEST-MedicationKnowledge","THO"
http://hl7.org/fhir/ValueSet/medicationknowledge-status,4.0.1,draft,"2.16.840.1.113883.4.642.3.1335",MedicationKnowledge Status Codes,Medication knowledge  status  codes,"MedicationKnowledge Status Codes","StructureDefinition/KBV-PR-WEST-MedicationKnowledge","THO"
http://hl7.org/fhir/ValueSet/name-part-qualifier,4.0.1,draft,"2.16.840.1.113883.4.642.3.906",EntityNamePartQualifier,EntityNamePartQualifier,"A set of codes each of which specifies a certain subcategory of the name part in addition to the main name part type.","StructureDefinition/KBV-PR-WEST-Patient,StructureDefinition/KBV-PR-WEST-Practitioner","THO (V3)"
http://hl7.org/fhir/ValueSet/name-use,4.0.1,active,"2.16.840.1.113883.4.642.3.65",NameUse,NameUse,"The use of a human name.","StructureDefinition/KBV-PR-WEST-Patient,StructureDefinition/KBV-PR-WEST-Practitioner","hl7.fhir.r4.core"
http://hl7.org/fhir/ValueSet/observation-category,4.0.1,draft,"2.16.840.1.113883.4.642.3.403",ObservationCategoryCodes,Observation Category Codes,"Observation Category codes.","StructureDefinition/KBV-PR-WEST-Observation-Body-Height,StructureDefinition/KBV-PR-WEST-Observation-Hip-Circumference,StructureDefinition/KBV-PR-WEST-Observation-Heart-Rate,StructureDefinition/KBV-PR-WEST-Observation-Glucose-Concentration,StructureDefinition/KBV-PR-WEST-Observation-Anamnese,StructureDefinition/KBV-PR-WEST-Observation-Respiratory-Rate,StructureDefinition/KBV-PR-WEST-Observation-Peripheral-Oxygen-Saturation,StructureDefinition/KBV-PR-WEST-Observation-Blood-Pressure,StructureDefinition/KBV-PR-WEST-Observation-Body-Weight,StructureDefinition/KBV-PR-WEST-Observation-Abdominal-Circumference,StructureDefinition/KBV-PR-WEST-Observation-Head-Circumference,StructureDefinition/KBV-PR-WEST-Observation-Body-Temperature","THO"
http://hl7.org/fhir/ValueSet/observation-codes,4.0.1,draft,"2.16.840.1.113883.4.642.3.396",LOINCCodes,LOINC Codes,"This value set includes all LOINC codes","StructureDefinition/KBV-PR-WEST-Observation-Body-Height,StructureDefinition/KBV-PR-WEST-Observation-Hip-Circumference,StructureDefinition/KBV-PR-WEST-Observation-Heart-Rate,StructureDefinition/KBV-PR-WEST-Observation-Glucose-Concentration,StructureDefinition/KBV-PR-WEST-Observation-Anamnese,StructureDefinition/KBV-PR-WEST-Observation-Respiratory-Rate,StructureDefinition/KBV-PR-WEST-Observation-Peripheral-Oxygen-Saturation,StructureDefinition/KBV-PR-WEST-Observation-Blood-Pressure,StructureDefinition/KBV-PR-WEST-Observation-Body-Weight,StructureDefinition/KBV-PR-WEST-Observation-Abdominal-Circumference,StructureDefinition/KBV-PR-WEST-Observation-Head-Circumference,StructureDefinition/KBV-PR-WEST-Observation-Body-Temperature","LOINC"
http://hl7.org/fhir/ValueSet/observation-interpretation,4.0.1,active,"2.16.840.1.113883.4.642.3.399",ObservationInterpretationCodes,Observation Interpretation Codes,"A categorical assessment, providing a rough qualitative interpretation of the observation value,    such as “normal”/ “abnormal”,”low” / “high”, “better” / “worse”, “susceptible” / “resistant”, “expected”/ “not expected”.    The value set is intended to be for ANY use where coded representation of an interpretation is needed.             Notes:          This is being communicated in v2.x in OBX-8 (Observation Interpretation), in v3 in ObservationInterpretation (CWE) in R1 (Representative Realm) and in FHIR in    Observation.interpretation. Historically these values come from the laboratory domain, and these codes are extensively    used. The value set binding is extensible, so codes outside the value set that are needed for interpretation concepts    (i.e. particular meanings) that are not included in the value set can be used, and these new codes may also be added to    the value set and published in a future version.","StructureDefinition/KBV-PR-WEST-Observation-Body-Height,StructureDefinition/KBV-PR-WEST-Observation-Hip-Circumference,StructureDefinition/KBV-PR-WEST-Observation-Heart-Rate,StructureDefinition/KBV-PR-WEST-Observation-Glucose-Concentration,StructureDefinition/KBV-PR-WEST-Observation-Anamnese,StructureDefinition/KBV-PR-WEST-Observation-Respiratory-Rate,StructureDefinition/KBV-PR-WEST-Observation-Peripheral-Oxygen-Saturation,StructureDefinition/KBV-PR-WEST-Observation-Blood-Pressure,StructureDefinition/KBV-PR-WEST-Observation-Body-Weight,StructureDefinition/KBV-PR-WEST-Observation-Abdominal-Circumference,StructureDefinition/KBV-PR-WEST-Observation-Head-Circumference,StructureDefinition/KBV-PR-WEST-Observation-Body-Temperature","THO (V3)"
http://hl7.org/fhir/ValueSet/observation-methods,4.0.1,draft,"2.16.840.1.113883.4.642.3.395",ObservationMethods,Observation Methods,"Observation Method codes from [SNOMED CT](http://snomed.info/sct) where concept is-a 272394005 (Technique (qualifier value)) or is-a 129264002 (Action (qualifier value)) or is-a 386053000 (Evaluation procedure(procedure))","StructureDefinition/KBV-PR-WEST-Observation-Body-Height,StructureDefinition/KBV-PR-WEST-Observation-Hip-Circumference,StructureDefinition/KBV-PR-WEST-Observation-Heart-Rate,StructureDefinition/KBV-PR-WEST-Observation-Glucose-Concentration,StructureDefinition/KBV-PR-WEST-Observation-Anamnese,StructureDefinition/KBV-PR-WEST-Observation-Respiratory-Rate,StructureDefinition/KBV-PR-WEST-Observation-Peripheral-Oxygen-Saturation,StructureDefinition/KBV-PR-WEST-Observation-Blood-Pressure,StructureDefinition/KBV-PR-WEST-Observation-Body-Weight,StructureDefinition/KBV-PR-WEST-Observation-Abdominal-Circumference,StructureDefinition/KBV-PR-WEST-Observation-Head-Circumference,StructureDefinition/KBV-PR-WEST-Observation-Body-Temperature","SCT"
http://hl7.org/fhir/ValueSet/observation-status,4.0.1,active,"2.16.840.1.113883.4.642.3.400",ObservationStatus,ObservationStatus,"Codes providing the status of an observation.","StructureDefinition/KBV-PR-WEST-Observation-Body-Height,StructureDefinition/KBV-PR-WEST-Observation-Hip-Circumference,StructureDefinition/KBV-PR-WEST-Observation-Heart-Rate,StructureDefinition/KBV-PR-WEST-Observation-Glucose-Concentration,StructureDefinition/KBV-PR-WEST-Observation-Anamnese,StructureDefinition/KBV-PR-WEST-Observation-Respiratory-Rate,StructureDefinition/KBV-PR-WEST-Observation-Peripheral-Oxygen-Saturation,StructureDefinition/KBV-PR-WEST-Observation-Blood-Pressure,StructureDefinition/KBV-PR-WEST-Observation-Body-Weight,StructureDefinition/KBV-PR-WEST-Observation-Abdominal-Circumference,StructureDefinition/KBV-PR-WEST-Observation-Head-Circumference,StructureDefinition/KBV-PR-WEST-Observation-Body-Temperature","hl7.fhir.r4.core"
http://hl7.org/fhir/ValueSet/organization-type,4.0.1,draft,"2.16.840.1.113883.4.642.3.414",OrganizationType,Organization type,"This example value set defines a set of codes that can be used to indicate a type of organization.","StructureDefinition/KBV-PR-WEST-Betriebsstaette,StructureDefinition/KBV-PR-WEST-Organization","THO"
http://hl7.org/fhir/ValueSet/participant-role,4.0.1,draft,"2.16.840.1.113883.4.642.3.152",ParticipantRoles,Participant Roles,"Roles of participants that may be included in a care team.  Defined as: Is a Person, Healthcare professional (occupation) or Healthcare related organization (qualifier value).","StructureDefinition/KBV-PR-WEST-ServiceRequest","SCT"
http://hl7.org/fhir/ValueSet/patient-contactrelationship,4.0.1,active,"2.16.840.1.113883.4.642.3.1130",PatientContactRelationship,Patient Contact Relationship ,"The nature of the relationship between the patient and the contact person.","StructureDefinition/KBV-PR-WEST-Patient","THO (V2)"
http://hl7.org/fhir/ValueSet/practitioner-role,4.0.1,draft,"2.16.840.1.113883.4.642.3.439",PractitionerRole,Practitioner role,"This example value set defines a set of codes that can be used to indicate the role of a Practitioner.","StructureDefinition/KBV-PR-WEST-PractitionerRole","SCT,THO"
http://hl7.org/fhir/ValueSet/procedure-code,4.0.1,draft,"2.16.840.1.113883.4.642.3.427",ProcedureCodes(SNOMEDCT),Procedure Codes (SNOMED CT),"Procedure Code: All SNOMED CT procedure codes.","StructureDefinition/KBV-PR-WEST-ServiceRequest","SCT"
http://hl7.org/fhir/ValueSet/quantity-comparator,4.0.1,active,"2.16.840.1.113883.4.642.3.59",QuantityComparator,QuantityComparator,"How the Quantity should be understood and represented.","StructureDefinition/KBV-PR-WEST-Observation-Body-Height,StructureDefinition/KBV-PR-WEST-Observation-Heart-Rate,StructureDefinition/KBV-PR-WEST-Observation-Hip-Circumference,StructureDefinition/KBV-PR-WEST-Observation-Glucose-Concentration,StructureDefinition/KBV-PR-WEST-Observation-Respiratory-Rate,StructureDefinition/KBV-PR-WEST-Observation-Peripheral-Oxygen-Saturation,StructureDefinition/KBV-PR-WEST-Observation-Blood-Pressure,StructureDefinition/KBV-PR-WEST-Observation-Abdominal-Circumference,StructureDefinition/KBV-PR-WEST-Observation-Body-Temperature,StructureDefinition/KBV-PR-WEST-Observation-Body-Weight,StructureDefinition/KBV-PR-WEST-MedicationStatement,StructureDefinition/KBV-PR-WEST-Condition,StructureDefinition/KBV-PR-WEST-Medication,StructureDefinition/KBV-PR-WEST-Observation-Head-Circumference","hl7.fhir.r4.core"
http://hl7.org/fhir/ValueSet/referencerange-appliesto,4.0.1,draft,"2.16.840.1.113883.4.642.3.407",ObservationReferenceRangeAppliesToCodes,Observation Reference Range Applies To Codes,"This value set defines a set of codes that can be used to indicate the particular target population the reference range applies to.","StructureDefinition/KBV-PR-WEST-Observation-Body-Height,StructureDefinition/KBV-PR-WEST-Observation-Hip-Circumference,StructureDefinition/KBV-PR-WEST-Observation-Heart-Rate,StructureDefinition/KBV-PR-WEST-Observation-Glucose-Concentration,StructureDefinition/KBV-PR-WEST-Observation-Anamnese,StructureDefinition/KBV-PR-WEST-Observation-Respiratory-Rate,StructureDefinition/KBV-PR-WEST-Observation-Peripheral-Oxygen-Saturation,StructureDefinition/KBV-PR-WEST-Observation-Blood-Pressure,StructureDefinition/KBV-PR-WEST-Observation-Body-Weight,StructureDefinition/KBV-PR-WEST-Observation-Abdominal-Circumference,StructureDefinition/KBV-PR-WEST-Observation-Head-Circumference,StructureDefinition/KBV-PR-WEST-Observation-Body-Temperature","SCT"
http://hl7.org/fhir/ValueSet/referencerange-meaning,4.0.1,draft,"2.16.840.1.113883.4.642.3.397",ObservationReferenceRangeMeaningCodes,Observation Reference Range Meaning Codes,"This value set defines a set of codes that can be used to indicate the meaning/use of a reference range for a particular target population.","StructureDefinition/KBV-PR-WEST-Observation-Body-Height,StructureDefinition/KBV-PR-WEST-Observation-Hip-Circumference,StructureDefinition/KBV-PR-WEST-Observation-Heart-Rate,StructureDefinition/KBV-PR-WEST-Observation-Glucose-Concentration,StructureDefinition/KBV-PR-WEST-Observation-Anamnese,StructureDefinition/KBV-PR-WEST-Observation-Respiratory-Rate,StructureDefinition/KBV-PR-WEST-Observation-Peripheral-Oxygen-Saturation,StructureDefinition/KBV-PR-WEST-Observation-Blood-Pressure,StructureDefinition/KBV-PR-WEST-Observation-Body-Weight,StructureDefinition/KBV-PR-WEST-Observation-Abdominal-Circumference,StructureDefinition/KBV-PR-WEST-Observation-Head-Circumference,StructureDefinition/KBV-PR-WEST-Observation-Body-Temperature","THO"
http://hl7.org/fhir/ValueSet/request-intent,4.0.1,draft,"2.16.840.1.113883.4.642.3.113",RequestIntent,RequestIntent,"Codes indicating the degree of authority/intentionality associated with a request.","StructureDefinition/KBV-PR-WEST-ServiceRequest","hl7.fhir.r4.core"
http://hl7.org/fhir/ValueSet/request-priority,4.0.1,draft,"2.16.840.1.113883.4.642.3.115",RequestPriority,Request priority,"The clinical priority of a diagnostic order.","StructureDefinition/KBV-PR-WEST-ServiceRequest","hl7.fhir.r4.core"
http://hl7.org/fhir/ValueSet/request-status,4.0.1,draft,"2.16.840.1.113883.4.642.3.111",RequestStatus,RequestStatus,"Codes identifying the lifecycle stage of a request.","StructureDefinition/KBV-PR-WEST-ServiceRequest","hl7.fhir.r4.core"
http://hl7.org/fhir/ValueSet/resource-types,4.0.1,active,"2.16.840.1.113883.4.642.3.27",ResourceType,ResourceType,"One of the resource types defined as part of this version of FHIR.","StructureDefinition/KBV-PR-WEST-Observation-Heart-Rate,StructureDefinition/KBV-PR-WEST-Observation-Hip-Circumference,StructureDefinition/KBV-EX-WEST-MedicationKnowledge-Alternativen,StructureDefinition/KBV-PR-WEST-Observation-Glucose-Concentration,StructureDefinition/KBV-PR-WEST-Observation-Respiratory-Rate,StructureDefinition/KBV-PR-WEST-Practitioner,StructureDefinition/KBV-PR-WEST-PractitionerRole,StructureDefinition/KBV-PR-WEST-ServiceRequest,StructureDefinition/KBV-PR-WEST-Organization,StructureDefinition/KBV-PR-WEST-Observation-Body-Temperature,StructureDefinition/KBV-PR-WEST-Encounter,StructureDefinition/KBV-PR-WEST-Observation-Anamnese,StructureDefinition/KBV-PR-WEST-Observation-Body-Weight,StructureDefinition/KBV-PR-WEST-MedicationStatement,StructureDefinition/KBV-PR-WEST-Patient,StructureDefinition/KBV-PR-WEST-MedicationKnowledge,StructureDefinition/KBV-PR-WEST-Condition,StructureDefinition/KBV-PR-WEST-Observation-Head-Circumference,StructureDefinition/KBV-EX-WEST-MedicationKnowledge-Wechselwirkungen,StructureDefinition/KBV-PR-WEST-Observation-Body-Height,StructureDefinition/KBV-EX-WEST-Patient-Aktuelle-Taetigkeit,StructureDefinition/KBV-PR-WEST-Observation-Peripheral-Oxygen-Saturation,StructureDefinition/KBV-PR-WEST-Observation-Blood-Pressure,StructureDefinition/KBV-PR-WEST-Observation-Abdominal-Circumference,StructureDefinition/KBV-PR-WEST-Betriebsstaette","hl7.fhir.r4.core"
http://hl7.org/fhir/ValueSet/route-codes,4.0.1,draft,"2.16.840.1.113883.4.642.3.98",SNOMEDCTRouteCodes,SNOMED CT Route Codes,"This value set includes all Route codes from SNOMED CT - provided as an exemplar.","StructureDefinition/KBV-PR-WEST-MedicationStatement,StructureDefinition/KBV-PR-WEST-MedicationKnowledge","SCT"
http://hl7.org/fhir/ValueSet/security-labels,4.0.1,active,"2.16.840.1.113883.4.642.3.47",All Security Labels,SecurityLabels,"A single value set for all security labels defined by FHIR.","StructureDefinition/KBV-PR-WEST-Observation-Body-Height,StructureDefinition/KBV-PR-WEST-Observation-Heart-Rate,StructureDefinition/KBV-PR-WEST-Observation-Hip-Circumference,StructureDefinition/KBV-PR-WEST-Observation-Glucose-Concentration,StructureDefinition/KBV-PR-WEST-Observation-Respiratory-Rate,StructureDefinition/KBV-PR-WEST-Observation-Peripheral-Oxygen-Saturation,StructureDefinition/KBV-PR-WEST-Observation-Blood-Pressure,StructureDefinition/KBV-PR-WEST-Practitioner,StructureDefinition/KBV-PR-WEST-Observation-Abdominal-Circumference,StructureDefinition/KBV-PR-WEST-PractitionerRole,StructureDefinition/KBV-PR-WEST-ServiceRequest,StructureDefinition/KBV-PR-WEST-Organization,StructureDefinition/KBV-PR-WEST-Observation-Body-Temperature,StructureDefinition/KBV-PR-WEST-Encounter,StructureDefinition/KBV-PR-WEST-Observation-Anamnese,StructureDefinition/KBV-PR-WEST-Observation-Body-Weight,StructureDefinition/KBV-PR-WEST-MedicationStatement,StructureDefinition/KBV-PR-WEST-Patient,StructureDefinition/KBV-PR-WEST-MedicationKnowledge,StructureDefinition/KBV-PR-WEST-Condition,StructureDefinition/KBV-PR-WEST-Medication,StructureDefinition/KBV-PR-WEST-Betriebsstaette,StructureDefinition/KBV-PR-WEST-Observation-Head-Circumference",
http://hl7.org/fhir/ValueSet/service-type,4.0.1,draft,"2.16.840.1.113883.4.642.3.518",ServiceType,Service type,"This value set defines an example set of codes of service-types.","StructureDefinition/KBV-PR-WEST-Encounter","THO"
http://hl7.org/fhir/ValueSet/servicerequest-orderdetail,4.0.1,draft,"2.16.840.1.113883.4.642.3.435",ServiceRequestOrderDetailsCodes,Service Request Order Details Codes,"An example value set of Codified order entry details concepts.  These concepts only make sense in the context of what is being ordered.  This example is for a patient ventilation order","StructureDefinition/KBV-PR-WEST-ServiceRequest","SCT"
http://hl7.org/fhir/ValueSet/timing-abbreviation,4.0.1,draft,"2.16.840.1.113883.4.642.3.78",TimingAbbreviation,TimingAbbreviation,"Code for a known / defined timing pattern.","StructureDefinition/KBV-PR-WEST-MedicationStatement","THO (V3)"
http://hl7.org/fhir/ValueSet/units-of-time,4.0.1,active,"2.16.840.1.113883.4.642.3.77",UnitsOfTime,UnitsOfTime,"A unit of time (units from UCUM).","StructureDefinition/KBV-PR-WEST-MedicationStatement","UCUM"
http://terminology.hl7.org/ValueSet/v2-0092,3.0.0,active,"2.16.840.1.113883.21.40",Hl7VSReAdmissionIndicator,hl7VS-re-admissionIndicator,"Value Set of codes which are used to specify that a patient is being re-admitted to a healthcare facility from which they were discharged, and indicates the circumstances around such re-admission.","StructureDefinition/KBV-PR-WEST-Encounter","THO (V2)"
http://terminology.hl7.org/ValueSet/v3-ActEncounterCode,3.0.0,active,"2.16.840.1.113883.1.11.13955",ActEncounterCode,ActEncounterCode,"Domain provides codes that qualify the ActEncounterClass (ENC)","StructureDefinition/KBV-PR-WEST-Encounter","THO (V3)"
http://terminology.hl7.org/ValueSet/v3-ActPriority,3.0.0,active,"2.16.840.1.113883.1.11.16866",ActPriority,ActPriority,"A code or set of codes (e.g., for routine, emergency,) specifying the urgency under which the Act happened, can happen, is happening, is intended to happen, or is requested/demanded to happen.    *Discussion:* This attribute is used in orders to indicate the ordered priority, and in event documentation it indicates the actual priority used to perform the act. In definition mood it indicates the available priorities.","StructureDefinition/KBV-PR-WEST-Encounter","THO (V3)"
http://terminology.hl7.org/ValueSet/v3-ServiceDeliveryLocationRoleType,3.0.0,active,"2.16.840.1.113883.1.11.17660",ServiceDeliveryLocationRoleType,ServiceDeliveryLocationRoleType,"A role of a place that further classifies the setting (e.g., accident site, road side, work site, community location) in which services are delivered.","StructureDefinition/KBV-PR-WEST-ServiceRequest","THO (V3)"
https://fhir.kbv.de/ValueSet/KBV_VS_Base_Body_Weight_Method_SNOMED_CT,1.8.0,active,,KBV_VS_Base_Body_Weight_Method_SNOMED_CT,Körpergewicht Methode Datenerhebung SNOMED CT®,"Dieses Valueset enthält die Codes zur Beschreibung von Körpergewicht Methode Datenerhebung SNOMED CT®.","StructureDefinition/KBV-PR-WEST-Observation-Body-Weight","SCT"
https://fhir.kbv.de/ValueSet/KBV_VS_Base_CommonLanguages,1.8.0,active,,KBV_VS_Base_CommonLanguages,Bevorzugte Sprache (Includes),"Dieses Valueset enthält die Codes zur Beschreibung von Bevorzugte Sprache (Includes).","StructureDefinition/KBV-PR-WEST-Patient","Other"
https://fhir.kbv.de/ValueSet/KBV_VS_Base_Deuev_Anlage_8,1.8.0,active,,KBV_VS_Base_Deuev_Anlage_8,Land/Wohnsitzländercode,"Dieses Valueset enthält die Codes zur Beschreibung von Land/Wohnsitzländercode.","StructureDefinition/KBV-PR-WEST-Patient,StructureDefinition/KBV-PR-WEST-Practitioner,StructureDefinition/KBV-PR-WEST-Betriebsstaette,StructureDefinition/KBV-PR-WEST-Organization","de.basisprofil.r4"
https://fhir.kbv.de/ValueSet/KBV_VS_Base_Diagnosis_SNOMED_CT,1.8.0,active,,KBV_VS_Base_Diagnosis_SNOMED_CT,Diagnose SNOMED CT®,"Dieses Valueset enthält die Codes zur Beschreibung von Diagnose SNOMED CT®.","StructureDefinition/KBV-PR-WEST-Condition","SCT"
https://fhir.kbv.de/ValueSet/KBV_VS_Base_Dose_Form_SNOMED_CT,1.8.0,active,,KBV_VS_Base_Dose_Form_SNOMED_CT,Darreichungsform SNOMED CT®,"Dieses Valueset enthält die Codes zur Beschreibung von Darreichungsform SNOMED CT®.","StructureDefinition/KBV-PR-WEST-Medication","SCT"
https://fhir.kbv.de/ValueSet/KBV_VS_Base_Drug_Therapy_Status_Codes_SNOMED_CT,1.8.0,active,,KBV_VS_Base_Drug_Therapy_Status_Codes_SNOMED_CT,Medikation Therapie Statuscodes SNOMED CT®,"Dieses Valueset enthält die Codes zur Beschreibung von Medikation Therapie Statuscodes SNOMED CT®.","StructureDefinition/KBV-PR-WEST-MedicationStatement","SCT"
https://fhir.kbv.de/ValueSet/KBV_VS_Base_EventTiming,1.8.0,active,,KBV_VS_Base_EventTiming,EventTiming,"Dieses Valueset enthält die Codes zur Beschreibung von EventTiming.","StructureDefinition/KBV-PR-WEST-MedicationStatement","hl7.fhir.r4.core"
https://fhir.kbv.de/ValueSet/KBV_VS_Base_Glucose_Concentration_Interpretation,1.8.0,active,,KBV_VS_Base_Glucose_Concentration_Interpretation,Glukosespiegel Interpretation,"Dieses Valueset enthält die Codes zur Beschreibung von Glukosespiegel Interpretation.","StructureDefinition/KBV-PR-WEST-Observation-Glucose-Concentration","SCT"
https://fhir.kbv.de/ValueSet/KBV_VS_Base_Glucose_Concentration_LOINC,1.8.0,active,,KBV_VS_Base_Glucose_Concentration_LOINC,Blutzucker LOINC®,"Dieses Valueset enthält die Codes zur Beschreibung von Blutzucker LOINC®.","StructureDefinition/KBV-PR-WEST-Observation-Glucose-Concentration","LOINC"
https://fhir.kbv.de/ValueSet/KBV_VS_Base_Glucose_Concentration_Method_SNOMED_CT,1.8.0,active,,KBV_VS_Base_Glucose_Concentration_Method_SNOMED_CT,Glukosespiegel Methode SNOMED CT®,"Dieses Valueset enthält die Codes zur Beschreibung von Glukosespiegel Methode SNOMED CT®.","StructureDefinition/KBV-PR-WEST-Observation-Glucose-Concentration","SCT"
https://fhir.kbv.de/ValueSet/KBV_VS_Base_Glucose_Concentration_SNOMED_CT,1.8.0,active,,KBV_VS_Base_Glucose_Concentration_SNOMED_CT,Glukosespiegel SNOMED CT®,"Dieses Valueset enthält die Codes zur Beschreibung von Glukosespiegel SNOMED CT®.","StructureDefinition/KBV-PR-WEST-Observation-Glucose-Concentration","SCT"
https://fhir.kbv.de/ValueSet/KBV_VS_Base_Glucose_Concentration_Unit,1.8.0,active,,KBV_VS_Base_Glucose_Concentration_Unit,Blutzucker Einheit,"Dieses Valueset enthält die Codes zur Beschreibung von Blutzucker Einheit.","StructureDefinition/KBV-PR-WEST-Observation-Glucose-Concentration","UCUM"
https://fhir.kbv.de/ValueSet/KBV_VS_Base_Head_Circumference_BodySite_SNOMED_CT,1.8.0,active,,KBV_VS_Base_Head_Circumference_BodySite_SNOMED_CT,Head Circumference BodySite SNOMED CT®,"Dieses Valueset enthält die Codes zur Beschreibung von Head Circumference BodySite SNOMED CT®.","StructureDefinition/KBV-PR-WEST-Observation-Head-Circumference","SCT"
https://fhir.kbv.de/ValueSet/KBV_VS_Base_Medication_Type,1.8.0,active,,KBV_VS_Base_Medication_Type,Arzneimittel/Rezeptur,"Dieses Valueset enthält die Codes zur Beschreibung von Arzneimittel/Rezeptur.","StructureDefinition/KBV-PR-WEST-Medication","SCT"
https://fhir.kbv.de/ValueSet/KBV_VS_Base_Medicine_Doseform_EDQM,1.8.0,active,,KBV_VS_Base_Medicine_Doseform_EDQM,Medicine-doseform,"Dieses Valueset enthält die Codes zur Beschreibung von Medicine-doseform.","StructureDefinition/KBV-PR-WEST-Medication","Other"
https://fhir.kbv.de/ValueSet/KBV_VS_Base_Medicine_Route_Of_Administration,1.8.0,active,,KBV_VS_Base_Medicine_Route_Of_Administration,Medicine-route-of-administration,"Dieses Valueset enthält die Codes zur Beschreibung von Medicine-route-of-administration.","StructureDefinition/KBV-PR-WEST-MedicationStatement","Other"
https://fhir.kbv.de/ValueSet/KBV_VS_Base_PRN_Medication_Reason_SNOMED_CT,1.8.0,active,,KBV_VS_Base_PRN_Medication_Reason_SNOMED_CT,Bedarfsmedikation Bedingung SNOMED CT®,"Dieses Valueset enthält die Codes zur Beschreibung von Bedarfsmedikation Bedingung SNOMED CT®.","StructureDefinition/KBV-PR-WEST-MedicationStatement","SCT"
https://fhir.kbv.de/ValueSet/KBV_VS_Base_Practitioner_Speciality,1.8.0,active,,KBV_VS_Base_Practitioner_Speciality,Practitioner Speciality,"Dieses Valueset enthält die Codes zur Beschreibung von Practitioner Speciality.","StructureDefinition/KBV-PR-WEST-Practitioner",
https://fhir.kbv.de/ValueSet/KBV_VS_Base_Role_Care,1.8.0,active,,KBV_VS_Base_Role_Care,Rolle in Bezug auf die Einrichtung,"Dieses Valueset enthält die Codes zur Beschreibung von Rolle in Bezug auf die Einrichtung.","StructureDefinition/KBV-PR-WEST-PractitionerRole","kbv.basis"
https://fhir.kbv.de/ValueSet/KBV_VS_Base_Route_of_Administration_SNOMED_CT,1.8.0,active,,KBV_VS_Base_Route_of_Administration_SNOMED_CT,Verabreichungsweg SNOMED CT®,"Dieses Valueset enthält die Codes zur Beschreibung von Verabreichungsweg SNOMED CT®.","StructureDefinition/KBV-PR-WEST-MedicationStatement","SCT"
https://fhir.kbv.de/ValueSet/KBV_VS_Base_TimingEvent,1.8.0,active,,KBV_VS_Base_TimingEvent,TimingEvent,"Dieses Valueset enthält die Codes zur Beschreibung von TimingEvent.","StructureDefinition/KBV-PR-WEST-MedicationStatement","THO (V3)"
https://fhir.kbv.de/ValueSet/KBV_VS_SFHIR_BAR2_ARZTNRFACHGRUPPE,1.03,active,,KBV_VS_SFHIR_BAR2_ARZTNRFACHGRUPPE,,"Das Valueset enthält alle Codes aus dem Codesystem https://fhir.kbv.de/CodeSystem/KBV_CS_SFHIR_BAR2_ARZTNRFACHGRUPPE","StructureDefinition/KBV-PR-WEST-Encounter,StructureDefinition/KBV-PR-WEST-PractitionerRole","kbv.all.st"
https://fhir.kbv.de/ValueSet/KBV_VS_SFHIR_BMP_DOSIEREINHEIT,1.01,active,,KBV_VS_SFHIR_BMP_DOSIEREINHEIT,,"Das Valueset enthält alle Codes aus dem Codesystem https://fhir.kbv.de/CodeSystem/KBV_CS_SFHIR_BMP_DOSIEREINHEIT","StructureDefinition/KBV-PR-WEST-MedicationStatement","kbv.all.st"
https://fhir.kbv.de/ValueSet/KBV_VS_SFHIR_KBV_DARREICHUNGSFORM,1.15,active,,KBV_VS_SFHIR_KBV_DARREICHUNGSFORM,,"Das Valueset enthält alle Codes aus dem Codesystem https://fhir.kbv.de/CodeSystem/KBV_CS_SFHIR_KBV_DARREICHUNGSFORM","StructureDefinition/KBV-PR-WEST-Medication","kbv.all.st"
https://fhir.kbv.de/ValueSet/KBV_VS_SFHIR_KBV_NORMGROESSE,1.00,active,,KBV_VS_SFHIR_KBV_NORMGROESSE,,"Das Valueset enthält alle Codes aus dem Codesystem https://fhir.kbv.de/CodeSystem/KBV_CS_SFHIR_KBV_NORMGROESSE","StructureDefinition/KBV-PR-WEST-Medication","kbv.all.st"
https://fhir.kbv.de/ValueSet/KBV_VS_WEST_BDT_Betriebsstaettenstatus,1.0.0-kommentierung,draft,,KBV_VS_WEST_BDT_Betriebsstaettenstatus,KBV_VS_WEST_BDT_Betriebsstaettenstatus,"Dieses Valueset enthält die Codes zur Beschreibung vom BDT Betriebsstaettenstatus.","StructureDefinition/KBV-PR-WEST-Betriebsstaette,StructureDefinition/KBV-PR-WEST-Organization","Internal"
https://fhir.kbv.de/ValueSet/KBV_VS_WEST_Diagnoseart,1.0.0-kommentierung,draft,,KBV_VS_WEST_Diagnoseart,KBV_VS_WEST_Diagnoseart,"Diagnosearten","StructureDefinition/KBV-PR-WEST-Condition","Internal"
https://fhir.kbv.de/ValueSet/KBV_VS_WEST_Diagnosekategorie,1.0.0-kommentierung,draft,,KBV_VS_WEST_Diagnosekategorie,KBV_VS_WEST_Diagnosekategorie,"Diagnosekategorien","StructureDefinition/KBV-PR-WEST-Condition","Internal"
https://fhir.kbv.de/ValueSet/KBV_VS_WEST_Leistungsart,1.0.0-kommentierung,draft,,KBV_VS_WEST_Leistungsart,KBV_VS_WEST_Leistungsart,"Dieses Valueset enthält die Codes zur Beschreibung von Leistungsart.","StructureDefinition/KBV-PR-WEST-ServiceRequest","Internal"
https://fhir.kbv.de/ValueSet/KBV_VS_WEST_Patient_VSDM_Gender,1.0.0-kommentierung,draft,,KBV_VS_WEST_Patient_VSDM_Gender,KBV_VS_WEST_Patient_VSDM_Gender,"Genderauswahl zur Nutzung in VSDM Extension","StructureDefinition/KBV-EX-WEST-Patient-Vsdm-Zusatzinformationen,StructureDefinition/KBV-PR-WEST-Patient",
https://fhir.kbv.de/ValueSet/KBV_VS_WEST_Preistyp_Code,1.0.0-kommentierung,draft,,KBV_VS_WEST_Preistyp_Code,KBV_VS_WEST_Preistyp_Code,"Dieses Valueset enthält die Codes zur Beschreibung von Preistyp.","StructureDefinition/KBV-PR-WEST-MedicationKnowledge","Internal"
